paper,art_q,art_r,supply_q,supply_r,terrain,match
A1,0,0,0,0,FOREST,True
A2,0,1,0,1,PLAIN,True
A3,0,2,0,2,FOREST,True
A4,0,3,0,3,PLAIN,True
A5,0,4,0,4,PLAIN,True
A6,0,5,0,5,PLAIN,True
A7,0,6,0,6,PLAIN,True
A8,0,7,0,7,PLAIN,True
A9,0,8,0,8,PLAIN,True
A10,0,9,0,9,PLAIN,True
A11,0,10,0,10,PLAIN,True
A12,0,11,0,11,PLAIN,True
A13,0,12,0,12,PLAIN,True
A14,0,13,0,13,PLAIN,True
A15,0,14,0,14,PLAIN,True
A16,0,15,0,15,PLAIN,True
A17,0,16,0,16,PLAIN,True
A18,0,17,0,17,PLAIN,True
A19,0,18,0,18,PLAIN,True
A20,0,19,0,19,PLAIN,True
B1,1,0,1,0,FOREST,True
B2,1,1,1,1,PLAIN,True
B3,1,2,1,2,HILL,True
B4,1,3,1,3,FOREST,True
B5,1,4,1,4,PLAIN,True
B6,1,5,1,5,PLAIN,True
B7,1,6,1,6,PLAIN,True
B8,1,7,1,7,PLAIN,True
B9,1,8,1,8,PLAIN,True
B10,1,9,1,9,PLAIN,True
B11,1,10,1,10,PLAIN,True
B12,1,11,1,11,PLAIN,True
B13,1,12,1,12,PLAIN,True
B14,1,13,1,13,PLAIN,True
B15,1,14,1,14,MARSH,True
B16,1,15,1,15,PLAIN,True
B17,1,16,1,16,PLAIN,True
B18,1,17,1,17,FOREST,True
B19,1,18,1,18,PLAIN,True
B20,1,19,1,19,PLAIN,True
C1,2,-1,2,-1,PLAIN,True
C2,2,0,2,0,FOREST,True
C3,2,1,2,1,HILL,True
C4,2,2,2,2,PLAIN,True
C5,2,3,2,3,PLAIN,True
C6,2,4,2,4,FOREST,True
C7,2,5,2,5,PLAIN,True
C8,2,6,2,6,PLAIN,True
C9,2,7,2,7,PLAIN,True
C10,2,8,2,8,PLAIN,True
C11,2,9,2,9,PLAIN,True
C12,2,10,2,10,PLAIN,True
C13,2,11,2,11,PLAIN,True
C14,2,12,2,12,PLAIN,True
C15,2,13,2,13,MARSH,True
C16,2,14,2,14,PLAIN,True
C17,2,15,2,15,PLAIN,True
C18,2,16,2,16,PLAIN,True
C19,2,17,2,17,PLAIN,True
C20,2,18,2,18,PLAIN,True
D1,3,-1,3,-1,FOREST,True
D2,3,0,3,0,PLAIN,True
D3,3,1,3,1,FOREST,True
D4,3,2,3,2,HILL,True
D5,3,3,3,3,PLAIN,True
D6,3,4,3,4,PLAIN,True
D7,3,5,3,5,PLAIN,True
D8,3,6,3,6,PLAIN,True
D9,3,7,3,7,FOREST,True
D10,3,8,3,8,CITY,True
D11,3,9,3,9,PLAIN,True
D12,3,10,3,10,FOREST,True
D13,3,11,3,11,PLAIN,True
D14,3,12,3,12,PLAIN,True
D15,3,13,3,13,PLAIN,True
D16,3,14,3,14,MARSH,True
D17,3,15,3,15,PLAIN,True
D18,3,16,3,16,PLAIN,True
D19,3,17,3,17,FOREST,True
D20,3,18,3,18,PLAIN,True
E1,4,-2,4,-2,PLAIN,True
E2,4,-1,4,-1,FOREST,True
E3,4,0,4,0,PLAIN,True
E4,4,1,4,1,FOREST,True
E5,4,2,4,2,HILL,True
E6,4,3,4,3,FOREST,True
E7,4,4,4,4,PLAIN,True
E8,4,5,4,5,PLAIN,True
E9,4,6,4,6,FOREST,True
E10,4,7,4,7,PLAIN,True
E11,4,8,4,8,PLAIN,True
E12,4,9,4,9,PLAIN,True
E13,4,10,4,10,FOREST,True
E14,4,11,4,11,PLAIN,True
E15,4,12,4,12,PLAIN,True
E16,4,13,4,13,MARSH,True
E17,4,14,4,14,MARSH,True
E18,4,15,4,15,PLAIN,True
E19,4,16,4,16,PLAIN,True
E20,4,17,4,17,PLAIN,True
F1,5,-2,5,-2,FOREST,True
F2,5,-1,5,-1,PLAIN,True
F3,5,0,5,0,PLAIN,True
F4,5,1,5,1,PLAIN,True
F5,5,2,5,2,PLAIN,True
F6,5,3,5,3,PLAIN,True
F7,5,4,5,4,FOREST,True
F8,5,5,5,5,PLAIN,True
F9,5,6,5,6,PLAIN,True
F10,5,7,5,7,FOREST,True
F11,5,8,5,8,PLAIN,True
F12,5,9,5,9,PLAIN,True
F13,5,10,5,10,PLAIN,True
F14,5,11,5,11,PLAIN,True
F15,5,12,5,12,PLAIN,True
F16,5,13,5,13,PLAIN,True
F17,5,14,5,14,MARSH,True
F18,5,15,5,15,FOREST,True
F19,5,16,5,16,PLAIN,True
F20,5,17,5,17,PLAIN,True
G1,6,-3,6,-3,PLAIN,True
G2,6,-2,6,-2,FOREST,True
G3,6,-1,6,-1,PLAIN,True
G4,6,0,6,0,FOREST,True
G5,6,1,6,1,PLAIN,True
G6,6,2,6,2,PLAIN,True
G7,6,3,6,3,PLAIN,True
G8,6,4,6,4,PLAIN,True
G9,6,5,6,5,FOREST,True
G10,6,6,6,6,PLAIN,True
G11,6,7,6,7,PLAIN,True
G12,6,8,6,8,FOREST,True
G13,6,9,6,9,PLAIN,True
G14,6,10,6,10,PLAIN,True
G15,6,11,6,11,PLAIN,True
G16,6,12,6,12,HILL,True
G17,6,13,6,13,PLAIN,True
G18,6,14,6,14,PLAIN,True
G19,6,15,6,15,PLAIN,True
G20,6,16,6,16,PLAIN,True
H1,7,-3,7,-3,FOREST,True
H2,7,-2,7,-2,PLAIN,True
H3,7,-1,7,-1,PLAIN,True
H4,7,0,7,0,PLAIN,True
H5,7,1,7,1,FOREST,True
H6,7,2,7,2,PLAIN,True
H7,7,3,7,3,FOREST,True
H8,7,4,7,4,PLAIN,True
H9,7,5,7,5,PLAIN,True
H10,7,6,7,6,PLAIN,True
H11,7,7,7,7,FOREST,True
H12,7,8,7,8,PLAIN,True
H13,7,9,7,9,PLAIN,True
H14,7,10,7,10,PLAIN,True
H15,7,11,7,11,PLAIN,True
H16,7,12,7,12,HILL,True
H17,7,13,7,13,FOREST,True
H18,7,14,7,14,PLAIN,True
H19,7,15,7,15,PLAIN,True
H20,7,16,7,16,PLAIN,True
I1,8,-4,8,-4,PLAIN,True
I2,8,-3,8,-3,FOREST,True
I3,8,-2,8,-2,PLAIN,True
I4,8,-1,8,-1,PLAIN,True
I5,8,0,8,0,PLAIN,True
I6,8,1,8,1,PLAIN,True
I7,8,2,8,2,PLAIN,True
I8,8,3,8,3,PLAIN,True
I9,8,4,8,4,PLAIN,True
I10,8,5,8,5,FOREST,True
I11,8,6,8,6,PLAIN,True
I12,8,7,8,7,PLAIN,True
I13,8,8,8,8,FOREST,True
I14,8,9,8,9,PLAIN,True
I15,8,10,8,10,PLAIN,True
I16,8,11,8,11,PLAIN,True
I17,8,12,8,12,HILL,True
I18,8,13,8,13,PLAIN,True
I19,8,14,8,14,PLAIN,True
I20,8,15,8,15,PLAIN,True
J1,9,-4,9,-4,PLAIN,True
J2,9,-3,9,-3,PLAIN,True
J3,9,-2,9,-2,PLAIN,True
J4,9,-1,9,-1,FOREST,True
J5,9,0,9,0,HILL,True
J6,9,1,9,1,CITY,True
J7,9,2,9,2,PLAIN,True
J8,9,3,9,3,PLAIN,True
J9,9,4,9,4,PLAIN,True
J10,9,5,9,5,PLAIN,True
J11,9,6,9,6,PLAIN,True
J12,9,7,9,7,FOREST,True
J13,9,8,9,8,PLAIN,True
J14,9,9,9,9,PLAIN,True
J15,9,10,9,10,HILL,True
J16,9,11,9,11,PLAIN,True
J17,9,12,9,12,MARSH,True
J18,9,13,9,13,FOREST,True
J19,9,14,9,14,PLAIN,True
J20,9,15,9,15,PLAIN,True
K1,10,-5,10,-5,PLAIN,True
K2,10,-4,10,-4,ROUGH,True
K3,10,-3,10,-3,PLAIN,True
K4,10,-2,10,-2,PLAIN,True
K5,10,-1,10,-1,HILL,True
K6,10,0,10,0,HILL,True
K7,10,1,10,1,PLAIN,True
K8,10,2,10,2,PLAIN,True
K9,10,3,10,3,ROUGH,True
K10,10,4,10,4,PLAIN,True
K11,10,5,10,5,PLAIN,True
K12,10,6,10,6,PLAIN,True
K13,10,7,10,7,PLAIN,True
K14,10,8,10,8,PLAIN,True
K15,10,9,10,9,HILL,True
K16,10,10,10,10,PLAIN,True
K17,10,11,10,11,PLAIN,True
K18,10,12,10,12,MARSH,True
K19,10,13,10,13,PLAIN,True
K20,10,14,10,14,PLAIN,True
L1,11,-5,11,-5,PLAIN,True
L2,11,-4,11,-4,ROUGH,True
L3,11,-3,11,-3,PLAIN,True
L4,11,-2,11,-2,PLAIN,True
L5,11,-1,11,-1,PLAIN,True
L6,11,0,11,0,HILL,True
L7,11,1,11,1,FOREST,True
L8,11,2,11,2,FOREST,True
L9,11,3,11,3,ROUGH,True
L10,11,4,11,4,PLAIN,True
L11,11,5,11,5,PLAIN,True
L12,11,6,11,6,PLAIN,True
L13,11,7,11,7,PLAIN,True
L14,11,8,11,8,FOREST,True
L15,11,9,11,9,PLAIN,True
L16,11,10,11,10,PLAIN,True
L17,11,11,11,11,MARSH,True
L18,11,12,11,12,PLAIN,True
L19,11,13,11,13,FOREST,True
L20,11,14,11,14,PLAIN,True
M1,12,-6,12,-6,PLAIN,True
M2,12,-5,12,-5,PLAIN,True
M3,12,-4,12,-4,ROUGH,True
M4,12,-3,12,-3,PLAIN,True
M5,12,-2,12,-2,PLAIN,True
M6,12,-1,12,-1,HILL,True
M7,12,0,12,0,FOREST,True
M8,12,1,12,1,PLAIN,True
M9,12,2,12,2,PLAIN,True
M10,12,3,12,3,ROUGH,True
M11,12,4,12,4,PLAIN,True
M12,12,5,12,5,PLAIN,True
M13,12,6,12,6,FOREST,True
M14,12,7,12,7,PLAIN,True
M15,12,8,12,8,CITY,True
M16,12,9,12,9,PLAIN,True
M17,12,10,12,10,PLAIN,True
M18,12,11,12,11,MARSH,True
M19,12,12,12,12,PLAIN,True
M20,12,13,12,13,PLAIN,True
N1,13,-6,13,-6,PLAIN,True
N2,13,-5,13,-5,PLAIN,True
N3,13,-4,13,-4,PLAIN,True
N4,13,-3,13,-3,PLAIN,True
N5,13,-2,13,-2,PLAIN,True
N6,13,-1,13,-1,HILL,True
N7,13,0,13,0,PLAIN,True
N8,13,1,13,1,FOREST,True
N9,13,2,13,2,PLAIN,True
N10,13,3,13,3,PLAIN,True
N11,13,4,13,4,PLAIN,True
N12,13,5,13,5,FOREST,True
N13,13,6,13,6,PLAIN,True
N14,13,7,13,7,PLAIN,True
N15,13,8,13,8,PLAIN,True
N16,13,9,13,9,PLAIN,True
N17,13,10,13,10,PLAIN,True
N18,13,11,13,11,MARSH,True
N19,13,12,13,12,PLAIN,True
N20,13,13,13,13,PLAIN,True
O1,14,-7,14,-7,PLAIN,True
O2,14,-6,14,-6,PLAIN,True
O3,14,-5,14,-5,PLAIN,True
O4,14,-4,14,-4,PLAIN,True
O5,14,-3,14,-3,PLAIN,True
O6,14,-2,14,-2,PLAIN,True
O7,14,-1,14,-1,PLAIN,True
O8,14,0,14,0,FOREST,True
O9,14,1,14,1,PLAIN,True
O10,14,2,14,2,PLAIN,True
O11,14,3,14,3,PLAIN,True
O12,14,4,14,4,PLAIN,True
O13,14,5,14,5,FOREST,True
O14,14,6,14,6,HILL,True
O15,14,7,14,7,PLAIN,True
O16,14,8,14,8,PLAIN,True
O17,14,9,14,9,PLAIN,True
O18,14,10,14,10,PLAIN,True
O19,14,11,14,11,PLAIN,True
O20,14,12,14,12,PLAIN,True
P1,15,-7,15,-7,PLAIN,True
P2,15,-6,15,-6,LAKE,True
P3,15,-5,15,-5,PLAIN,True
P4,15,-4,15,-4,PLAIN,True
P5,15,-3,15,-3,PLAIN,True
P6,15,-2,15,-2,HILL,True
P7,15,-1,15,-1,HILL,True
P8,15,0,15,0,PLAIN,True
P9,15,1,15,1,PLAIN,True
P10,15,2,15,2,PLAIN,True
P11,15,3,15,3,PLAIN,True
P12,15,4,15,4,PLAIN,True
P13,15,5,15,5,PLAIN,True
P14,15,6,15,6,PLAIN,True
P15,15,7,15,7,HILL,True
P16,15,8,15,8,PLAIN,True
P17,15,9,15,9,PLAIN,True
P18,15,10,15,10,FOREST,True
P19,15,11,15,11,PLAIN,True
P20,15,12,15,12,PLAIN,True
Q1,16,-8,16,-8,PLAIN,True
Q2,16,-7,16,-7,LAKE,True
Q3,16,-6,16,-6,LAKE,True
Q4,16,-5,16,-5,PLAIN,True
Q5,16,-4,16,-4,PLAIN,True
Q6,16,-3,16,-3,HILL,True
Q7,16,-2,16,-2,PLAIN,True
Q8,16,-1,16,-1,PLAIN,True
Q9,16,0,16,0,PLAIN,True
Q10,16,1,16,1,PLAIN,True
Q11,16,2,16,2,PLAIN,True
Q12,16,3,16,3,PLAIN,True
Q13,16,4,16,4,HILL,True
Q14,16,5,16,5,PLAIN,True
Q15,16,6,16,6,PLAIN,True
Q16,16,7,16,7,PLAIN,True
Q17,16,8,16,8,PLAIN,True
Q18,16,9,16,9,PLAIN,True
Q19,16,10,16,10,PLAIN,True
Q20,16,11,16,11,PLAIN,True
R1,17,-8,17,-8,PLAIN,True
R2,17,-7,17,-7,LAKE,True
R3,17,-6,17,-6,LAKE,True
R4,17,-5,17,-5,PLAIN,True
R5,17,-4,17,-4,PLAIN,True
R6,17,-3,17,-3,PLAIN,True
R7,17,-2,17,-2,HILL,True
R8,17,-1,17,-1,PLAIN,True
R9,17,0,17,0,PLAIN,True
R10,17,1,17,1,CITY,True
R11,17,2,17,2,PLAIN,True
R12,17,3,17,3,FOREST,True
R13,17,4,17,4,PLAIN,True
R14,17,5,17,5,PLAIN,True
R15,17,6,17,6,HILL,True
R16,17,7,17,7,PLAIN,True
R17,17,8,17,8,FOREST,True
R18,17,9,17,9,MARSH,True
R19,17,10,17,10,PLAIN,True
R20,17,11,17,11,PLAIN,True
S1,18,-9,18,-9,PLAIN,True
S2,18,-8,18,-8,PLAIN,True
S3,18,-7,18,-7,PLAIN,True
S4,18,-6,18,-6,PLAIN,True
S5,18,-5,18,-5,PLAIN,True
S6,18,-4,18,-4,PLAIN,True
S7,18,-3,18,-3,HILL,True
S8,18,-2,18,-2,FOREST,True
S9,18,-1,18,-1,PLAIN,True
S10,18,0,18,0,PLAIN,True
S11,18,1,18,1,PLAIN,True
S12,18,2,18,2,PLAIN,True
S13,18,3,18,3,FOREST,True
S14,18,4,18,4,PLAIN,True
S15,18,5,18,5,PLAIN,True
S16,18,6,18,6,PLAIN,True
S17,18,7,18,7,PLAIN,True
S18,18,8,18,8,PLAIN,True
S19,18,9,18,9,PLAIN,True
S20,18,10,18,10,PLAIN,True
T1,19,-9,19,-9,PLAIN,True
T2,19,-8,19,-8,PLAIN,True
T3,19,-7,19,-7,PLAIN,True
T4,19,-6,19,-6,ROUGH,True
T5,19,-5,19,-5,ROUGH,True
T6,19,-4,19,-4,PLAIN,True
T7,19,-3,19,-3,FOREST,True
T8,19,-2,19,-2,PLAIN,True
T9,19,-1,19,-1,PLAIN,True
T10,19,0,19,0,PLAIN,True
T11,19,1,19,1,PLAIN,True
T12,19,2,19,2,PLAIN,True
T13,19,3,19,3,PLAIN,True
T14,19,4,19,4,HILL,True
T15,19,5,19,5,ROUGH,True
T16,19,6,19,6,PLAIN,True
T17,19,7,19,7,MARSH,True
T18,19,8,19,8,PLAIN,True
T19,19,9,19,9,FOREST,True
T20,19,10,19,10,PLAIN,True
U1,20,-10,20,-10,FOREST,True
U2,20,-9,20,-9,PLAIN,True
U3,20,-8,20,-8,FOREST,True
U4,20,-7,20,-7,PLAIN,True
U5,20,-6,20,-6,ROUGH,True
U6,20,-5,20,-5,PLAIN,True
U7,20,-4,20,-4,PLAIN,True
U8,20,-3,20,-3,PLAIN,True
U9,20,-2,20,-2,HILL,True
U10,20,-1,20,-1,PLAIN,True
U11,20,0,20,0,PLAIN,True
U12,20,1,20,1,HILL,True
U13,20,2,20,2,PLAIN,True
U14,20,3,20,3,PLAIN,True
U15,20,4,20,4,ROUGH,True
U16,20,5,20,5,PLAIN,True
U17,20,6,20,6,PLAIN,True
U18,20,7,20,7,PLAIN,True
U19,20,8,20,8,PLAIN,True
U20,20,9,20,9,PLAIN,True
V1,21,-10,21,-10,FOREST,True
V2,21,-9,21,-9,PLAIN,True
V3,21,-8,21,-8,PLAIN,True
V4,21,-7,21,-7,FOREST,True
V5,21,-6,21,-6,CITY,True
V6,21,-5,21,-5,PLAIN,True
V7,21,-4,21,-4,FOREST,True
V8,21,-3,21,-3,HILL,True
V9,21,-2,21,-2,PLAIN,True
V10,21,-1,21,-1,PLAIN,True
V11,21,0,21,0,PLAIN,True
V12,21,1,21,1,PLAIN,True
V13,21,2,21,2,FOREST,True
V14,21,3,21,3,HILL,True
V15,21,4,21,4,ROUGH,True
V16,21,5,21,5,PLAIN,True
V17,21,6,21,6,MARSH,True
V18,21,7,21,7,PLAIN,True
V19,21,8,21,8,PLAIN,True
V20,21,9,21,9,PLAIN,True
W1,22,-11,22,-11,PLAIN,True
W2,22,-10,22,-10,FOREST,True
W3,22,-9,22,-9,PLAIN,True
W4,22,-8,22,-8,PLAIN,True
W5,22,-7,22,-7,PLAIN,True
W6,22,-6,22,-6,PLAIN,True
W7,22,-5,22,-5,FOREST,True
W8,22,-4,22,-4,HILL,True
W9,22,-3,22,-3,HILL,True
W10,22,-2,22,-2,FOREST,True
W11,22,-1,22,-1,PLAIN,True
W12,22,0,22,0,PLAIN,True
W13,22,1,22,1,FOREST,True
W14,22,2,22,2,HILL,True
W15,22,3,22,3,PLAIN,True
W16,22,4,22,4,PLAIN,True
W17,22,5,22,5,MARSH,True
W18,22,6,22,6,FOREST,True
W19,22,7,22,7,PLAIN,True
W20,22,8,22,8,PLAIN,True
X1,23,-11,23,-11,FOREST,True
X2,23,-10,23,-10,PLAIN,True
X3,23,-9,23,-9,PLAIN,True
X4,23,-8,23,-8,FOREST,True
X5,23,-7,23,-7,PLAIN,True
X6,23,-6,23,-6,PLAIN,True
X7,23,-5,23,-5,FOREST,True
X8,23,-4,23,-4,PLAIN,True
X9,23,-3,23,-3,PLAIN,True
X10,23,-2,23,-2,HILL,True
X11,23,-1,23,-1,FOREST,True
X12,23,0,23,0,PLAIN,True
X13,23,1,23,1,PLAIN,True
X14,23,2,23,2,CITY,True
X15,23,3,23,3,PLAIN,True
X16,23,4,23,4,PLAIN,True
X17,23,5,23,5,PLAIN,True
X18,23,6,23,6,PLAIN,True
X19,23,7,23,7,PLAIN,True
X20,23,8,23,8,PLAIN,True
Y1,24,-12,24,-12,PLAIN,True
Y2,24,-11,24,-11,FOREST,True
Y3,24,-10,24,-10,PLAIN,True
Y4,24,-9,24,-9,PLAIN,True
Y5,24,-8,24,-8,PLAIN,True
Y6,24,-7,24,-7,ROUGH,True
Y7,24,-6,24,-6,PLAIN,True
Y8,24,-5,24,-5,FOREST,True
Y9,24,-4,24,-4,PLAIN,True
Y10,24,-3,24,-3,PLAIN,True
Y11,24,-2,24,-2,PLAIN,True
Y12,24,-1,24,-1,HILL,True
Y13,24,0,24,0,FOREST,True
Y14,24,1,24,1,PLAIN,True
Y15,24,2,24,2,ROUGH,True
Y16,24,3,24,3,PLAIN,True
Y17,24,4,24,4,MARSH,True
Y18,24,5,24,5,PLAIN,True
Y19,24,6,24,6,PLAIN,True
Y20,24,7,24,7,PLAIN,True
Z1,25,-12,25,-12,PLAIN,True
Z2,25,-11,25,-11,PLAIN,True
Z3,25,-10,25,-10,PLAIN,True
Z4,25,-9,25,-9,FOREST,True
Z5,25,-8,25,-8,PLAIN,True
Z6,25,-7,25,-7,ROUGH,True
Z7,25,-6,25,-6,PLAIN,True
Z8,25,-5,25,-5,PLAIN,True
Z9,25,-4,25,-4,PLAIN,True
Z10,25,-3,25,-3,PLAIN,True
Z11,25,-2,25,-2,FOREST,True
Z12,25,-1,25,-1,PLAIN,True
Z13,25,0,25,0,HILL,True
Z14,25,1,25,1,PLAIN,True
Z15,25,2,25,2,ROUGH,True
Z16,25,3,25,3,PLAIN,True
Z17,25,4,25,4,PLAIN,True
Z18,25,5,25,5,PLAIN,True
Z19,25,6,25,6,FOREST,True
Z20,25,7,25,7,PLAIN,True
AA1,26,-13,26,-13,FOREST,True
AA2,26,-12,26,-12,PLAIN,True
AA3,26,-11,26,-11,PLAIN,True
AA4,26,-10,26,-10,PLAIN,True
AA5,26,-9,26,-9,FOREST,True
AA6,26,-8,26,-8,PLAIN,True
AA7,26,-7,26,-7,FOREST,True
AA8,26,-6,26,-6,PLAIN,True
AA9,26,-5,26,-5,PLAIN,True
AA10,26,-4,26,-4,PLAIN,True
AA11,26,-3,26,-3,PLAIN,True
AA12,26,-2,26,-2,FOREST,True
AA13,26,-1,26,-1,PLAIN,True
AA14,26,0,26,0,FOREST,True
AA15,26,1,26,1,PLAIN,True
AA16,26,2,26,2,PLAIN,True
AA17,26,3,26,3,PLAIN,True
AA18,26,4,26,4,MARSH,True
AA19,26,5,26,5,PLAIN,True
AA20,26,6,26,6,PLAIN,True
AB1,27,-13,27,-13,PLAIN,True
AB2,27,-12,27,-12,FOREST,True
AB3,27,-11,27,-11,PLAIN,True
AB4,27,-10,27,-10,PLAIN,True
AB5,27,-9,27,-9,PLAIN,True
AB6,27,-8,27,-8,PLAIN,True
AB7,27,-7,27,-7,PLAIN,True
AB8,27,-6,27,-6,PLAIN,True
AB9,27,-5,27,-5,PLAIN,True
AB10,27,-4,27,-4,PLAIN,True
AB11,27,-3,27,-3,PLAIN,True
AB12,27,-2,27,-2,PLAIN,True
AB13,27,-1,27,-1,HILL,True
AB14,27,0,27,0,PLAIN,True
AB15,27,1,27,1,PLAIN,True
AB16,27,2,27,2,PLAIN,True
AB17,27,3,27,3,PLAIN,True
AB18,27,4,27,4,PLAIN,True
AB19,27,5,27,5,PLAIN,True
AB20,27,6,27,6,PLAIN,True
AC1,28,-14,28,-14,PLAIN,True
AC2,28,-13,28,-13,PLAIN,True
AC3,28,-12,28,-12,PLAIN,True
AC4,28,-11,28,-11,FOREST,True
AC5,28,-10,28,-10,PLAIN,True
AC6,28,-9,28,-9,PLAIN,True
AC7,28,-8,28,-8,PLAIN,True
AC8,28,-7,28,-7,FOREST,True
AC9,28,-6,28,-6,PLAIN,True
AC10,28,-5,28,-5,MAIN_CITY,True
AC11,28,-4,28,-4,MAIN_CITY,True
AC12,28,-3,28,-3,FOREST,True
AC13,28,-2,28,-2,PLAIN,True
AC14,28,-1,28,-1,FOREST,True
AC15,28,0,28,0,PLAIN,True
AC16,28,1,28,1,PLAIN,True
AC17,28,2,28,2,MARSH,True
AC18,28,3,28,3,FOREST,True
AC19,28,4,28,4,PLAIN,True
AC20,28,5,28,5,PLAIN,True
AD1,29,-14,29,-14,FOREST,True
AD2,29,-13,29,-13,PLAIN,True
AD3,29,-12,29,-12,PLAIN,True
AD4,29,-11,29,-11,PLAIN,True
AD5,29,-10,29,-10,PLAIN,True
AD6,29,-9,29,-9,FOREST,True
AD7,29,-8,29,-8,PLAIN,True
AD8,29,-7,29,-7,ROUGH,True
AD9,29,-6,29,-6,PLAIN,True
AD10,29,-5,29,-5,OUTER_CITY,True
AD11,29,-4,29,-4,PLAIN,True
AD12,29,-3,29,-3,HILL,True
AD13,29,-2,29,-2,PLAIN,True
AD14,29,-1,29,-1,PLAIN,True
AD15,29,0,29,0,PLAIN,True
AD16,29,1,29,1,PLAIN,True
AD17,29,2,29,2,PLAIN,True
AD18,29,3,29,3,PLAIN,True
AD19,29,4,29,4,PLAIN,True
AD20,29,5,29,5,PLAIN,True
AE1,30,-15,30,-15,PLAIN,True
AE2,30,-14,30,-14,FOREST,True
AE3,30,-13,30,-13,PLAIN,True
AE4,30,-12,30,-12,PLAIN,True
AE5,30,-11,30,-11,PLAIN,True
AE6,30,-10,30,-10,PLAIN,True
AE7,30,-9,30,-9,FOREST,True
AE8,30,-8,30,-8,ROUGH,True
AE9,30,-7,30,-7,PLAIN,True
AE10,30,-6,30,-6,PLAIN,True
AE11,30,-5,30,-5,PLAIN,True
AE12,30,-4,30,-4,PLAIN,True
AE13,30,-3,30,-3,PLAIN,True
AE14,30,-2,30,-2,PLAIN,True
AE15,30,-1,30,-1,PLAIN,True
AE16,30,0,30,0,PLAIN,True
AE17,30,1,30,1,PLAIN,True
AE18,30,2,30,2,MARSH,True
AE19,30,3,30,3,PLAIN,True
AE20,30,4,30,4,PLAIN,True
AF1,31,-15,31,-15,FOREST,True
AF2,31,-14,31,-14,PLAIN,True
AF3,31,-13,31,-13,PLAIN,True
AF4,31,-12,31,-12,PLAIN,True
AF5,31,-11,31,-11,FOREST,True
AF6,31,-10,31,-10,PLAIN,True
AF7,31,-9,31,-9,PLAIN,True
AF8,31,-8,31,-8,PLAIN,True
AF9,31,-7,31,-7,PLAIN,True
AF10,31,-6,31,-6,PLAIN,True
AF11,31,-5,31,-5,PLAIN,True
AF12,31,-4,31,-4,PLAIN,True
AF13,31,-3,31,-3,PLAIN,True
AF14,31,-2,31,-2,PLAIN,True
AF15,31,-1,31,-1,PLAIN,True
AF16,31,0,31,0,PLAIN,True
AF17,31,1,31,1,PLAIN,True
AF18,31,2,31,2,PLAIN,True
AF19,31,3,31,3,FOREST,True
AF20,31,4,31,4,PLAIN,True
