game,turn,nearest,movedHexes,movingUnits,attacks,lostSteps,destroyedUnits,nearestIds,endN
tune-17-GERMAN,1,21,67,25,0,0,0,G-PZ-03,126
tune-17-GERMAN,2,18,62,24,2,2,0,G-MOT-03;G-PZ-04;G-REC-02,195
tune-17-GERMAN,3,18,44,21,1,0,0,G-J-02;G-MOT-02;G-MOT-03;G-PZ-01;G-PZ-02;G-PZ-03;G-PZ-04;G-REC-02,250
tune-17-GERMAN,4,17,33,17,0,0,0,G-MOT-01;G-PZ-04,298
tune-17-GERMAN,5,17,18,12,0,0,0,G-J-01;G-MOT-01;G-PZ-04,334
tune-17-GERMAN,6,17,13,9,0,0,0,G-J-01;G-MOT-01;G-PZ-04,367
tune-17-GERMAN,7,17,8,6,0,0,0,G-I-06;G-I-11;G-J-01;G-MOT-01;G-PZ-04,392
tune-17-GERMAN,8,17,9,5,0,0,0,G-I-06;G-I-11;G-J-01;G-MOT-01;G-PZ-04,423
tune-17-GERMAN,9,17,4,2,0,0,0,G-I-06;G-I-11;G-J-01;G-MOT-01;G-PZ-04,448
tune-17-GERMAN,10,17,2,2,0,0,0,G-I-06;G-I-11;G-J-01;G-MOT-01;G-PZ-04,470
tune-17-GERMAN,11,17,1,1,0,0,0,G-I-06;G-I-11;G-J-01;G-MOT-01;G-PZ-04,484
tune-17-GERMAN,12,17,0,0,0,0,0,G-I-06;G-I-11;G-J-01;G-MOT-01;G-PZ-04,496
tune-17-GERMAN,13,17,0,0,0,0,0,G-I-06;G-I-11;G-J-01;G-MOT-01;G-PZ-04,510
tune-17-GERMAN,14,17,0,0,0,0,0,G-I-06;G-I-11;G-J-01;G-MOT-01;G-PZ-04,520
tune-17-GERMAN,15,17,0,0,0,0,0,G-I-06;G-I-11;G-J-01;G-MOT-01;G-PZ-04,530
tune-17-GERMAN,16,17,0,0,0,0,0,G-I-06;G-I-11;G-J-01;G-MOT-01;G-PZ-04,535
tune-17-SOVIET,1,25,25,25,0,0,0,G-ART-02;G-ENG-02;G-I-01;G-I-03;G-I-07;G-I-09;G-I-10;G-J-02;G-MOT-03;G-PZ-02;G-PZ-03,126
tune-17-SOVIET,2,24,25,25,0,0,0,G-ART-02;G-ENG-02;G-I-01;G-I-03;G-I-07;G-I-09;G-I-10;G-J-02;G-MOT-03;G-PZ-02;G-PZ-03,193
tune-17-SOVIET,3,23,25,25,0,0,0,G-ART-02;G-ENG-02;G-I-01;G-I-03;G-I-07;G-I-09;G-I-10;G-J-02;G-MOT-03;G-PZ-02;G-PZ-03,260
tune-17-SOVIET,4,22,25,25,0,0,0,G-ART-02;G-ENG-02;G-I-01;G-I-03;G-I-07;G-I-09;G-I-10;G-J-02;G-MOT-03;G-PZ-02;G-PZ-03,331
tune-17-SOVIET,5,21,25,25,0,0,0,G-ART-02;G-ENG-02;G-I-01;G-I-03;G-I-07;G-I-09;G-I-10;G-J-02;G-MOT-03;G-PZ-02;G-PZ-03,369
tune-17-SOVIET,6,20,25,25,0,0,0,G-ART-02;G-ENG-02;G-I-01;G-I-03;G-I-07;G-I-09;G-I-10;G-J-02;G-MOT-03;G-PZ-02;G-PZ-03,404
tune-17-SOVIET,7,19,25,25,0,0,0,G-ART-02;G-ENG-02;G-I-01;G-I-03;G-I-07;G-I-09;G-I-10;G-J-02;G-MOT-03;G-PZ-02;G-PZ-03,442
tune-17-SOVIET,8,18,25,25,0,0,0,G-ART-02;G-ENG-02;G-I-01;G-I-03;G-I-07;G-I-09;G-I-10;G-J-02;G-MOT-03;G-PZ-02;G-PZ-03,477
tune-17-SOVIET,9,17,24,24,1,0,0,G-ENG-02;G-I-01;G-I-03;G-I-07;G-I-09;G-I-10;G-J-02;G-MOT-03;G-PZ-02;G-PZ-03,515
tune-17-SOVIET,10,16,24,24,1,0,0,G-ENG-02;G-I-01;G-I-03;G-I-07;G-I-09;G-I-10;G-J-02;G-MOT-03;G-PZ-02;G-PZ-03,556
tune-17-SOVIET,11,15,24,24,1,0,0,G-ENG-02;G-I-01;G-I-03;G-I-07;G-I-09;G-I-10;G-J-02;G-MOT-03;G-PZ-02;G-PZ-03,594
tune-17-SOVIET,12,14,25,25,0,0,0,G-I-01;G-I-03;G-I-07;G-I-09;G-I-10;G-J-02;G-MOT-03;G-PZ-02;G-PZ-03,629
tune-17-SOVIET,13,13,24,24,1,0,0,G-I-01;G-I-03;G-I-09;G-I-10;G-J-02;G-MOT-03;G-PZ-02;G-PZ-03,666
tune-17-SOVIET,14,11,24,24,3,0,0,G-J-02,739
tune-17-SOVIET,15,11,21,21,2,0,0,G-J-02;G-MOT-03;G-PZ-02,787
tune-17-SOVIET,16,11,19,19,1,0,0,G-I-01;G-I-03;G-I-07;G-J-02;G-MOT-01;G-MOT-02;G-MOT-03;G-PZ-02;G-PZ-03,815
tune-18-GERMAN,1,21,67,25,0,0,0,G-PZ-03,126
tune-18-GERMAN,2,18,62,24,2,1,0,G-MOT-03;G-PZ-04;G-REC-02,196
tune-18-GERMAN,3,16,47,20,0,0,0,G-MOT-03;G-PZ-04,227
tune-18-GERMAN,4,16,36,18,0,0,0,G-MOT-03;G-PZ-03;G-PZ-04,260
tune-18-GERMAN,5,16,25,14,0,0,0,G-MOT-03;G-PZ-03;G-PZ-04,307
tune-18-GERMAN,6,16,15,10,0,0,0,G-MOT-01;G-MOT-03;G-PZ-03;G-PZ-04,346
tune-18-GERMAN,7,16,9,5,0,0,0,G-MOT-01;G-MOT-03;G-PZ-03;G-PZ-04,384
tune-18-GERMAN,8,16,7,5,0,0,0,G-I-01;G-I-11;G-MOT-01;G-MOT-03;G-PZ-03;G-PZ-04,399
tune-18-GERMAN,9,16,3,2,0,0,0,G-I-01;G-I-11;G-MOT-01;G-MOT-03;G-PZ-03;G-PZ-04,433
tune-18-GERMAN,10,16,0,0,0,0,0,G-I-01;G-I-11;G-MOT-01;G-MOT-03;G-PZ-03;G-PZ-04,468
tune-18-GERMAN,11,16,0,0,0,0,0,G-I-01;G-I-11;G-MOT-01;G-MOT-03;G-PZ-03;G-PZ-04,496
tune-18-GERMAN,12,16,0,0,0,0,0,G-I-01;G-I-11;G-MOT-01;G-MOT-03;G-PZ-03;G-PZ-04,524
tune-18-GERMAN,13,16,0,0,0,0,0,G-I-01;G-I-11;G-MOT-01;G-MOT-03;G-PZ-03;G-PZ-04,558
tune-18-GERMAN,14,16,0,0,0,0,0,G-I-01;G-I-11;G-MOT-01;G-MOT-03;G-PZ-03;G-PZ-04,588
tune-18-GERMAN,15,16,0,0,0,0,0,G-I-01;G-I-11;G-MOT-01;G-MOT-03;G-PZ-03;G-PZ-04,621
tune-18-GERMAN,16,16,0,0,0,0,0,G-I-01;G-I-11;G-MOT-01;G-MOT-03;G-PZ-03;G-PZ-04,626
tune-18-SOVIET,1,25,25,25,0,0,0,G-ART-02;G-ENG-02;G-I-01;G-I-03;G-I-07;G-I-09;G-I-10;G-J-02;G-MOT-03;G-PZ-02;G-PZ-03,126
tune-18-SOVIET,2,24,25,25,0,0,0,G-ART-02;G-ENG-02;G-I-01;G-I-03;G-I-07;G-I-09;G-I-10;G-J-02;G-MOT-03;G-PZ-02;G-PZ-03,193
tune-18-SOVIET,3,23,25,25,0,0,0,G-ART-02;G-ENG-02;G-I-01;G-I-03;G-I-07;G-I-09;G-I-10;G-J-02;G-MOT-03;G-PZ-02;G-PZ-03,260
tune-18-SOVIET,4,22,25,25,0,0,0,G-ART-02;G-ENG-02;G-I-01;G-I-03;G-I-07;G-I-09;G-I-10;G-J-02;G-MOT-03;G-PZ-02;G-PZ-03,331
tune-18-SOVIET,5,21,25,25,0,0,0,G-ART-02;G-ENG-02;G-I-01;G-I-03;G-I-07;G-I-09;G-I-10;G-J-02;G-MOT-03;G-PZ-02;G-PZ-03,369
tune-18-SOVIET,6,20,25,25,0,0,0,G-ART-02;G-ENG-02;G-I-01;G-I-03;G-I-07;G-I-09;G-I-10;G-J-02;G-MOT-03;G-PZ-02;G-PZ-03,404
tune-18-SOVIET,7,19,25,25,0,0,0,G-ART-02;G-ENG-02;G-I-01;G-I-03;G-I-07;G-I-09;G-I-10;G-J-02;G-MOT-03;G-PZ-02;G-PZ-03,442
tune-18-SOVIET,8,18,25,25,0,0,0,G-ART-02;G-ENG-02;G-I-01;G-I-03;G-I-07;G-I-09;G-I-10;G-J-02;G-MOT-03;G-PZ-02;G-PZ-03,477
tune-18-SOVIET,9,17,24,24,1,0,0,G-ENG-02;G-I-01;G-I-03;G-I-07;G-I-09;G-I-10;G-J-02;G-MOT-03;G-PZ-02;G-PZ-03,515
tune-18-SOVIET,10,16,24,24,1,0,0,G-ENG-02;G-I-01;G-I-03;G-I-07;G-I-09;G-I-10;G-J-02;G-MOT-03;G-PZ-02;G-PZ-03,555
tune-18-SOVIET,11,15,25,25,0,0,0,G-I-01;G-I-03;G-I-07;G-I-09;G-I-10;G-J-02;G-MOT-03;G-PZ-02;G-PZ-03,590
tune-18-SOVIET,12,14,25,25,0,0,0,G-I-01;G-I-03;G-I-07;G-I-09;G-I-10;G-J-02;G-MOT-03;G-PZ-02;G-PZ-03,625
tune-18-SOVIET,13,13,25,25,0,0,0,G-I-01;G-I-03;G-I-09;G-I-10;G-J-02;G-MOT-03;G-PZ-02;G-PZ-03,660
tune-18-SOVIET,14,12,24,24,3,1,0,G-I-03;G-J-02;G-MOT-03;G-PZ-02;G-PZ-03,701
tune-18-SOVIET,15,11,24,24,1,0,0,G-I-03;G-J-02;G-MOT-03;G-PZ-03,738
tune-18-SOVIET,16,10,25,25,0,0,0,G-I-03;G-J-02;G-MOT-03;G-PZ-03,768
