route,turn,investment_spent,production,requisition,equipment_delivered,repaired_this_turn,assembly_orders,new_units_at_action,new_units_next_turn,rear_equipment,depot_equipment,personnel,missing_old_steps,supply_received,maintenance_paid,attack_packages,end_supply
army,1,12,2,12,4,0,0,0,0,10,4,60,2,16,8,8,24
army,2,0,2,0,4,1,1,0,1,8,4,56,1,17,9,7,25
army,3,0,2,0,4,1,1,1,2,6,4,52,1,17,10,8,24
army,4,0,2,0,4,1,1,2,3,4,4,48,1,17,11,9,21
army,5,0,2,0,4,1,1,3,4,2,4,44,1,17,12,10,16
army,6,0,2,0,4,1,1,4,5,0,4,40,1,17,13,11,9
army,7,0,2,0,2,1,1,5,6,0,2,36,1,19,14,9,5
army,8,0,2,0,2,1,0,6,6,0,3,35,1,19,14,5,5
army,9,0,2,0,2,1,0,6,6,0,4,34,1,19,14,5,5
army,10,0,2,0,2,1,1,6,7,0,2,30,1,19,15,5,4
army,11,0,2,0,2,1,0,7,7,0,3,29,1,19,15,4,4
army,12,0,2,0,2,1,0,7,7,0,4,28,1,19,15,4,4
army,13,0,2,0,2,1,1,7,8,0,2,24,1,19,16,4,3
army,14,0,2,0,2,1,0,8,8,0,3,23,1,19,16,3,3
army,15,0,2,0,2,1,0,8,8,0,4,22,1,19,16,3,3
army,16,0,0,0,0,0,0,8,8,0,4,22,1,0,0,3,0
industry,1,12,2,0,2,0,0,0,0,0,2,60,2,16,8,8,24
industry,2,0,2,0,2,1,0,0,0,0,3,59,1,15,8,7,24
industry,3,0,2,0,2,1,0,0,0,0,4,58,1,15,8,7,24
industry,4,0,4,0,4,1,1,0,1,0,4,54,1,17,9,7,25
industry,5,0,4,0,4,1,1,1,2,0,4,50,1,17,10,8,24
industry,6,0,4,0,4,1,1,2,3,0,4,46,1,17,11,9,21
industry,7,0,4,0,4,1,1,3,4,0,4,42,1,17,12,10,16
industry,8,0,4,0,4,1,1,4,5,0,4,38,1,17,13,11,9
industry,9,0,4,0,4,1,1,5,6,0,4,34,1,17,14,9,3
industry,10,0,4,0,4,1,1,6,7,0,4,30,1,17,15,3,2
industry,11,0,4,0,4,1,1,7,8,0,4,26,1,17,16,2,1
industry,12,0,4,0,4,1,1,8,9,0,4,22,1,17,17,1,0
industry,13,0,4,0,4,1,0,9,9,0,7,21,1,17,17,0,0
industry,14,0,4,0,4,1,0,9,9,0,10,20,1,17,17,0,0
industry,15,0,4,0,4,1,0,9,9,0,13,19,1,17,17,0,0
industry,16,0,0,0,0,0,0,9,9,0,13,19,1,0,0,0,0
logistics,1,12,2,0,2,0,0,0,0,0,2,60,2,16,8,8,24
logistics,2,0,2,0,2,1,0,0,0,0,3,59,1,15,8,7,24
logistics,3,0,2,0,2,1,0,0,0,0,4,58,1,15,8,7,24
logistics,4,0,2,0,2,1,1,0,1,0,2,54,1,19,9,7,27
logistics,5,0,2,0,2,1,0,1,1,0,3,53,1,17,9,8,27
logistics,6,0,2,0,2,1,0,1,1,0,4,52,1,17,9,8,27
logistics,7,0,2,0,2,1,1,1,2,0,2,48,1,21,10,8,30
logistics,8,0,2,0,2,1,0,2,2,0,3,47,1,19,10,9,30
logistics,9,0,2,0,2,1,0,2,2,0,4,46,1,19,10,9,30
logistics,10,0,2,0,2,1,1,2,3,0,2,42,1,22,11,9,32
logistics,11,0,2,0,2,1,0,3,3,0,3,41,1,22,11,10,33
logistics,12,0,2,0,2,1,0,3,3,0,4,40,1,21,11,10,33
logistics,13,0,2,0,2,1,1,3,4,0,2,36,1,22,12,10,33
logistics,14,0,2,0,2,1,0,4,4,0,3,35,1,22,12,11,32
logistics,15,0,2,0,2,1,0,4,4,0,4,34,1,22,12,11,31
logistics,16,0,0,0,0,0,0,4,4,0,4,34,1,0,0,12,19
