file,P4R3_bytes,P5_bytes,P4R3_SHA256,P5_SHA256,status
ground/ground_01.webp,3116,3116,1eccbf9fc6c07ee8278c4e4f0e26ef7b27a385daf3a282e34a1c6bcad33d9cde,1eccbf9fc6c07ee8278c4e4f0e26ef7b27a385daf3a282e34a1c6bcad33d9cde,frozen
ground/ground_02.webp,3176,3176,bbe37f183e3b383a288a133eb04a931d95d6f64b91c0cbf37d6186721cd91433,bbe37f183e3b383a288a133eb04a931d95d6f64b91c0cbf37d6186721cd91433,frozen
ground/ground_03.webp,2922,2922,220ab1867e5cf758adfe5037289aadeddf3098e21016e95a884e8932886318cc,220ab1867e5cf758adfe5037289aadeddf3098e21016e95a884e8932886318cc,frozen
ground/ground_04.webp,2810,2810,df34112ec31e3022b5719168c17399da5b7a4e970a470cf6024552fe58992616,df34112ec31e3022b5719168c17399da5b7a4e970a470cf6024552fe58992616,frozen
plain/ground/P01.webp,2666,2666,38b639a5da016812f51e486791837e8a573c128b871d7de910d2388895cb15a7,38b639a5da016812f51e486791837e8a573c128b871d7de910d2388895cb15a7,frozen
plain/ground/P02.webp,2538,2538,163e6500f570f8ee77c32fa93c587a11a37f7773c18ab601743d2754aaee3c16,163e6500f570f8ee77c32fa93c587a11a37f7773c18ab601743d2754aaee3c16,frozen
plain/ground/P03.webp,2338,2338,118df9274f3b08a7f9613883e1e8fe2ae5cceda016d6648e6fcaee941408d9a2,118df9274f3b08a7f9613883e1e8fe2ae5cceda016d6648e6fcaee941408d9a2,frozen
plain/ground/P04.webp,2596,2596,8b48c5d30dbac6ed6187199f7d0657827e405ceecf5fbf1ec6888c5052bdebae,8b48c5d30dbac6ed6187199f7d0657827e405ceecf5fbf1ec6888c5052bdebae,frozen
plain/ground/P05.webp,2266,2266,faad7a7f7c40f0445a0c760c9ea0b941823094cc985a64b6b16289515517701b,faad7a7f7c40f0445a0c760c9ea0b941823094cc985a64b6b16289515517701b,frozen
plain/ground/P06.webp,2580,2580,74fd2d165d00556bb944bbec73621a5571aefbb83818dce9c611e1205253d809,74fd2d165d00556bb944bbec73621a5571aefbb83818dce9c611e1205253d809,frozen
plain/ground/P07.webp,2498,2498,fdd134ce7b6c9d3b6c7728c91113b918095adad7b5828798ac34021daf3eaa05,fdd134ce7b6c9d3b6c7728c91113b918095adad7b5828798ac34021daf3eaa05,frozen
plain/ground/P08.webp,2462,2462,ae4769f3e88eb3bb557791bf01df6a24a0f21e04ef2e29256fd110fbca7d3d1d,ae4769f3e88eb3bb557791bf01df6a24a0f21e04ef2e29256fd110fbca7d3d1d,frozen
plain/field/FIELD_01.png,40090,40090,3326a4aebf40f32205cd37ab5c46285aac2315c56505b42c55b748460b51a0e2,3326a4aebf40f32205cd37ab5c46285aac2315c56505b42c55b748460b51a0e2,frozen
plain/field/FIELD_02.png,57217,57217,aacf0d70ddacc451507a8c612f151aade953691d0fd7db6363d9f429a5b71836,aacf0d70ddacc451507a8c612f151aade953691d0fd7db6363d9f429a5b71836,frozen
plain/field/FIELD_03.png,35167,35167,e4be8973fc5ce1fa78e946d4126660edc42ea8206ad75d3a3e42e8f43a6f6d75,e4be8973fc5ce1fa78e946d4126660edc42ea8206ad75d3a3e42e8f43a6f6d75,frozen
plain/field/FIELD_04.png,33796,33796,fc654dfc93259723e1139de5fdca1d2842091ae8ee57e38cd9d074280735f4d8,fc654dfc93259723e1139de5fdca1d2842091ae8ee57e38cd9d074280735f4d8,frozen
plain/field/FIELD_05.png,51538,51538,ca8e055e6f3a983ade59e258c22f0996b10a26f352696a141088b816947f0087,ca8e055e6f3a983ade59e258c22f0996b10a26f352696a141088b816947f0087,frozen
plain/field/FIELD_06.png,32313,32313,fb05d58d1b77628a01f33649523bd531b87ccb1a8327db438eca52aedf2e5b1d,fb05d58d1b77628a01f33649523bd531b87ccb1a8327db438eca52aedf2e5b1d,frozen
forest/mass/F01.png,106873,67576,503d903204d1e96d12a8d108b3ad7362dd40fe25c83ab2ad02359871230143f8,a392f8e8c07ea2afe488d4b2fd162e994987426392127bb68f6793e07de88a6e,revised
forest/mass/F02.png,123192,59466,f2cb25e805b76ebcaf6918a8d92152d6bfebbfc7ec87be7de6c5f8619a2345bc,7070a4f13d8fb004fc8cd0041082df801f765a967a8f66372364d7007a6ab8ea,revised
forest/mass/F03.png,131281,69086,f24136ffa6000541e4ed6f4665bf89d042393365ed826ead9c5ea92f1136d29d,82ebfb0e932c7977b07cd3b82e8ec1551c5a052bae47ec873061adfe2fd4c91c,revised
forest/mass/F04.png,136989,66426,45883b904770b9d23d71a6193706a57b515450d2fee8bcfa1e1816f7db95e4f9,fe327e6f5768d0b5dafc0fea9cf7a65dbd4cb650ec54fad767b272d476e1c5cc,revised
forest/mass/F05.png,130883,69759,378b45c20a168a5ecd1fe61547e12fcc44f43c4a02d315cb0da25a871455c192,954fb62716606d801007600f83b0d817fba84ee91c25a7b4bf03135673468f12,revised
forest/mass/F06.png,118628,59917,5a91d3d9b084f8e394f5214d836968500e4e126f2e94f93df193b355a09fee6a,9241dca9e1de42f27cd34b49688127386becd728e9a40e1b984fa81641da9d58,revised
forest/mass/F07.png,121450,60885,66d7d15c29e8cb4690e6eb9cc75b931c641117e71fd1aeaf96ab2e5dc570eb3e,9575ce57165da88e511da826fc55bfe8b266265e9a5bcf76498fe21b858a6dbc,revised
forest/mass/F08.png,137951,70490,5b1ef07fbe4bfbc2dc43863f44b6402a81002a2cee51dc9f2f4aaa55e3667faf,3e8a32c177f54dbf0dcc0503c6ada747d0d4a77b89932a889005e8949013f979,revised
forest/mass/F09.png,138337,66559,2c9ef94c233f134ec65ea3fd92b8b50e63fc5990b411a944d679b7147b0a79f7,86a990962af9bdfa6aa5accb25dfcaaac6e32526857245ed5a4fca28a77761da,revised
forest/mass/F10.png,125441,63198,6ac86da696002e54788079d2cbe89639ac122c42c74e26122f613795b04ee7d7,d20ed18b7ff2296c4f33a50799439f9f2365d94d564e6bbbf3d932973af023d9,revised
forest/mass/F11.png,128119,60729,0265f134d132792af1353fc24e1924aae15b51d862d5087bcc5434c31455613b,195954d9693504b562f2ff61c2974103ae1364679b596206f436acd98ff72668,revised
forest/mass/F12.png,118551,77182,de4ac5e3e0798cfa3818d5a7b955f41c9c06495f5921f2fe24c9bead024451d1,804aebb69e20bfd9c78a4765f9d09eb0af1d31c8dedd64587bdbf7ff9d3b0d37,revised
forest/fringe/FR01.png,50354,25842,411dc2558bde441dc1a5bd2b6443cd0148b353461a3d02353acbbf380c3119f1,3c9014e81715889947977ab7f98a2d9ef6fa0affde8c88ce6badcd786741c16e,revised
forest/fringe/FR02.png,56802,31280,f366f3afa3bd21bacb3a5c67429e6809d4e4fee054b24efdfea1e1b302508663,3581b9c076c89ed077fa08850fefccb9b46391d8d13f1aad9ab3bad1ce2bdc52,revised
forest/fringe/FR03.png,47965,26087,d47acb6f6aa54c32542d0a80ba2c1fa1019b1607863437493653e67453229981,1c1192f3e3427a3509a44033178cb754c83bccb82d00d47238fa13fd1975d80e,revised
forest/fringe/FR04.png,45584,24661,2490b58f12ef42f9729ed86e1be9f110dae93f5c8b51e833c03e90253445723e,47bda856b7225c41ba28cbc6a4f9cd451fe82358d82cde924510b3e220b99ef1,revised
forest/fringe/FR05.png,52084,31797,dc1474be89bb0f6c642b910e179d7cdaee73cecbfd63653cb29286a0d0f3f466,dc3b9aa6741fe8f5ca7595e0b39cde11a386f5e14082fe731622daaaadeadcc8,revised
forest/fringe/FR06.png,48516,25257,9f2f9d61464c098d0f6d92e8abaa95a21366c45d423d49892f8f2b59f85d1de2,b5e63d82cf1ee791c80187341df2042526400d30d76373e1baf8596eb8d2b664,revised
forest/clearing/CL01_mask.png,4889,4889,e30c882fb069133686dec5a8fcd9a8915de46c9a437be790ff5ae75b054f2d8d,e30c882fb069133686dec5a8fcd9a8915de46c9a437be790ff5ae75b054f2d8d,frozen
forest/clearing/CL02_mask.png,4504,4504,75cfd696b1a96dbdfe1b3f90558b3823bfa2d7d29e796c96a4ebff16ee9511cd,75cfd696b1a96dbdfe1b3f90558b3823bfa2d7d29e796c96a4ebff16ee9511cd,frozen
forest/clearing/CL03_mask.png,5537,5537,e4b00f6d880f7fc63bc72d81435d70a7632c16bdad25303719ae8e1ee0aac889,e4b00f6d880f7fc63bc72d81435d70a7632c16bdad25303719ae8e1ee0aac889,frozen
forest/clearing/CL04_mask.png,4991,4991,e98ccf9779e29e33d2fe8e4e6079b0dd65a5172fdc217587089f2925dfe76d97,e98ccf9779e29e33d2fe8e4e6079b0dd65a5172fdc217587089f2925dfe76d97,frozen
hill/height/H01_height.png,12910,12910,6efc3c9a6967a7cc44b51aec5be4b633ec16155f8404e46bcd594b9da4a85b2c,6efc3c9a6967a7cc44b51aec5be4b633ec16155f8404e46bcd594b9da4a85b2c,frozen
hill/material/H01_material.png,73320,303380,4264db56c5f0aa9f0ac3dab3d81133f07f3583979e0d21671f53332b5dc7f09d,0610d1489dcff51b7cd2b93a6260bf15d292443c152d3fcc656293d0b1571adc,revised
hill/height/H02_height.png,14478,14478,6ae82b667e9430536bd593d9e2cebfc5c16d37b227fd1cca7549d0b2f7b016f4,6ae82b667e9430536bd593d9e2cebfc5c16d37b227fd1cca7549d0b2f7b016f4,frozen
hill/material/H02_material.png,73917,337605,88dac71fffd30b911e8add399e3a00d3bae7501c42e957cdedab69c168c9d6fa,20cac5a710ce5f3864118f4e60e8d51f723dd06f614518e5df1b828140b35dc1,revised
hill/height/H03_height.png,15205,15205,78f4237b1188624308ec370c0c536c2e00e8d34135fe6e6c1a85a545b3eda729,78f4237b1188624308ec370c0c536c2e00e8d34135fe6e6c1a85a545b3eda729,frozen
hill/material/H03_material.png,74602,326591,18059e12a16f598dcb81e800e8c4903a77c894c14d01f6ec44092bacac665533,0af4f7ee70ba0278cf218a42f88573525a49e9227825b071d7e430fa57ac07d9,revised
hill/height/H04_height.png,12216,12216,4283cd708a8f6380d46074f1c2e10f77b7b192248dfbf0aa62200d17a1bd3df4,4283cd708a8f6380d46074f1c2e10f77b7b192248dfbf0aa62200d17a1bd3df4,frozen
hill/material/H04_material.png,72706,261221,c78bd3656dc030f3677e629bca686efefd0b3218bc8922393ac02a8dba4d2641,e9e9fb075a59ca7fd5998423fd2a26815e6aca45e8ce30741aebf2eb2816ea5b,revised
hill/height/H05_height.png,13840,13840,2334c4ce55ccef53a653f1bff08ef8317dffd0e071149cde86e3d23a2509e322,2334c4ce55ccef53a653f1bff08ef8317dffd0e071149cde86e3d23a2509e322,frozen
hill/material/H05_material.png,71103,328886,1f64fe86e119e1c0235c65971af506ae3e3c8ad90ea5bcad4bf5819ac04964a8,1b8e9362ba90f686e9b85bbb6f00e5fed8ec398f2cb1965b6c13c7f65a44e748,revised
hill/height/H06_height.png,13989,13989,4e8abb644eb7a3bef23350ea71afafb22db185dcce04b06ce8d4135bcdc2602a,4e8abb644eb7a3bef23350ea71afafb22db185dcce04b06ce8d4135bcdc2602a,frozen
hill/material/H06_material.png,72665,316147,5f5d9c00985fa48b58db0b2631faf13d3ff182091c110b15ef1dac5f2afdae51,1822371cca1051d4dca2ea8d84443fae4d1f54d3515acc499faf6dd9834d4d5c,revised
rough/base/R01.png,43401,64106,be5ff40fba6eafae824b020e9e1c10b912ae82c7236c9a3a339a47995dabeb37,153bcc1b16da522411fb939e4ead0df0c51556fc271bc117cdf3a5623831087d,revised
rough/base/R02.png,46914,68956,e09a123566c27ee5af4294d24b66f69e579e8dc704905c81fadf435def92d76b,9e942973e3d9239b3c18a54810402cc1e248e8662f92a62f2528089c8ea90d0f,revised
rough/base/R03.png,47390,78068,45cabe0b6ef78a1e9cd31424d31a9f195b0705c395794c21347b6d871badc3da,68ea6290312f82a05133d690112dc6676af6dea091545f12eb55c7c8d1012703,revised
rough/base/R04.png,42149,64587,0240ecbe8e0cf90b5088309453a3aa5256f2077fd7b4eb3cec9adb2c49013bdb,3ef2250d354db16681db273e8d7ddc80983231582242ebe0b67e6ab5017af330,revised
rough/base/R05.png,42935,72789,43cf99fdcf17b234165b8e959bfea630806b63d5134e48b915170a411c368aba,b06d94bef740ce6f309af295a96d48221e663cb0989f7597ae209b49d448b5ce,revised
rough/base/R06.png,43364,70194,d364b8476595755dd2a94ce168c5ed0b06812bf7f682398c25cd883edd40b69c,de83cf3cd2971c097cd28a70d30295fe7f9b19f83bf3f8a167ea477b8943b786,revised
rough/rock_cluster/RC01.png,2064,10460,7e69144496c849482ab3b34e7b71b40ab65ac2b3bf71d7e055b8cfcfb1488b1c,e58b4b5fcac13449b074034fc8f29bc50f10071dbcfe3a655add9180205bbb31,revised
rough/rock_cluster/RC02.png,2127,10316,e7d3fcb8f881af770833a84397c35208dc05de8a4d16cb3114f2d66d5051a556,96e4676d9066eab26c47d6942a71f51cbe3ec266fe41b130991c57c2db9eb510,revised
rough/rock_cluster/RC03.png,1456,6801,0ea7117f03311ff1d259f158ebfbbb1439f38e1f03757114d33225cbdc33b97f,ff0ebb78908a1d15d6c7a9dd6ab0887333982082069d4247007e66d53125768a,revised
rough/rock_cluster/RC04.png,1814,9098,08eb40b3e10556624d8eb1ec7388f90ae34bef7b2982494113d5993fe7e1f669,c7cf67479fdec08151f6ad31b491e8a6fb9d49d6b97e5627c1d353346077d15c,revised
marsh/wet/M01.png,64765,75635,ec3d90c2d4547b69896230481cbc0624df5df37f480a3fcd98a1066eb312c684,e591cc5b7789ef17daeb4397fbc26911ac5e5f056426e365b43ebf7cf37fa441,revised
marsh/wet/M02.png,58539,55033,ba6edb02e611b8d4e7823f5e4b5caed46814aa35fb12f356590dbfb26bda2846,6c0e6d6c3fc770051af985facceaf6349864ff02184b7f5cf989a24100627811,revised
marsh/wet/M03.png,57452,63809,6f2cc4bb40d7bd2c9412a1363dbcf385123914cebbfb4a37e2242046248f36f5,a64dc13f04a1c4cea44275da3fcc3423c079dc83f93a42cf0cfc30d15db23417,revised
marsh/wet/M04.png,60956,61263,f441af0c15748e84ddf36cc46a32cdeafdc5b5e754d875af1fff1d523e3e449d,754f27e832eff90df7c99a315139bd6429d0367c146ee28497d7aa23f0450187,revised
marsh/wet/M05.png,63191,68691,226b1ca5a71e53f94ad210b4277eae11f9022810aed32567411c66c68dfdedd8,306d1bea0ddbe89720e1222071c342e13c0708e343fac229658abe5714c52967,revised
marsh/wet/M06.png,66081,70375,d116736ba2afeb0cb0146c19527fb11b59b56bd7232bc8f13b7e4fd2989dc96a,7cc548b2391509f22c86b18b692e291e4b8826fccfec8305bdeb05e3d001ec28,revised
marsh/wet/M07.png,67062,73938,f6abd53679b84b9aa626dfe4b5b91a87f1fcb1ade6b2a084d87f0ff4955fef8f,2cda448859166c716a4f004701a0ed1ee491f3522770a309912853f1a4d02a5a,revised
marsh/wet/M08.png,62956,72365,441892e64f4369212b188f8c3113c28c14e95b5fd52ebbf8c725f593de73ec34,8ae0383fe942c662327e2a004238060df6d283ad265a40c56b1f86dc6291efa0,revised
marsh/pool/POOL_01.png,62416,67423,c9c2f01546c82866147a150392eeb60579310005ba02f2e33df40941c22ac976,743f0b4813c2851406d371735dd36ebc560f907c2401b2d162b44f8a97030e5c,revised
marsh/pool/POOL_02.png,59467,70290,95e69c22739034a8f4acf63ba5225d806fbfe24148898dd250c7398a0bf05a43,36da28d50699f85c1a44d47f1e5439bee51a47b349194491d0c4030325dab31a,revised
marsh/pool/POOL_03.png,73094,82899,ef832e74417881f80486ab5e3afd53ad812f66bff4b2c3db93e491a8d07cff3c,4242dd84e69d8e0c45c3231c8afda2156eb6e04083e3bda0b25b8330b4c6f0ba,revised
marsh/pool/POOL_04.png,29177,47029,68c34b4d5e6f3923ddf7f2a05fd63a9abac31d4435bd9dc2a33a2d411c5c69ee,18ed154825f9e8e2c1075a760753ece96911eabbea270f42c1e498267d52d0b2,revised
marsh/pool/POOL_05.png,31630,58118,3613a780fecd3d064acf7236b276ae930d3295d447792ff8375de9eb65f3cb09,6b79affa87474b1ee74b16b47188b4ff5f4f81ae2c40a0f871e56a4c71d9e3ec,revised
marsh/reed/REED_01.png,1768,6367,d0a969e9cee6a4162f7d5a07e900adb66204dcada9a9990debf010ec4c319a1d,1dc12735066046ca9a083574d6442e1ae7f24222af37076dd3cd5d5798eed4ae,revised
marsh/reed/REED_02.png,1757,6140,a5ee736f442fb557c1edb5b8de50656b912811d01732609c7e0a14232b9ec10b,a64914d083a84a8cc88494d3abbfb98f2243d6d9f95cc4dc327609703adccec4,revised
marsh/reed/REED_03.png,1719,5877,065ce3eb1d0eacf586b796087f4f391863f1441b30f4cb9cd6522a14e50f170f,89e9330af29d5994f9a199c1555261e9d0cc60b15e3b824cdcd73379c0d1b0a2,revised
marsh/reed/REED_04.png,1730,6508,59729e8d2be1a96af46ef763795251500ec8f0630fcee6739e70b727c87b97c9,c2f8910853a84c9dfd5de8334d51849b4908647c343ff2c09ab6731f5468ef07,revised
city/small/S01.png,80753,57965,8b564c7c5ae43068b8877df671e0aec4ce6ec0fbdd4d0ef204fc9d2c92b85654,6377935027e55de464ff57bd6508c2f7152baed3178dbe6062e1039682b34be2,revised
city/small/S02.png,78967,61241,6be418286ded57b59332e04afa4c1286cb631cc22a6e3f66b75852d5d2a6a48f,548ab5333ab4d85d50b2e0317cd9394fddd5ffe38895b3603b96230c665ec5ae,revised
city/small/S03.png,70761,47848,483e9dcc4af004f1c20a7a1a4da53209447263d87cc1cece798d3bc70d907987,d9d467dbd0c1a2d6c4bce5dd67d8d2a90864e8822df85286fa38b15cbbc987ce,revised
city/small/S04.png,91014,62528,2cb5c967de06e7fcaac635db9c751e633abc9215269ce446c3ebd86a59b9fd09,5835e22a27dcc76be8de4a08b762a0eafae3330c8ab1ef1aaf950780483c9ded,revised
city/medium/M01.png,132999,119521,9fa34e9aa52e93735ac1187f096d321e6423009f63c9e27cdb12cba6735d981b,39e9c7072eefc49423cf18f9f4daa238339a285b4cacff7b2d8f12aa06132b43,revised
city/medium/M02.png,143856,125493,3526e934ac1fac4e77b2cfe96e7f06601ea5985a103c776123f812086457546a,e1277c15954ca3eda71c658f266ee0262a1a5cbc94bf07cc78709fd8b8f639c9,revised
city/medium/M03.png,130037,121283,0704ade55e898ac43c3a144e54faaec6cbf23ad616f55a85846a0e85af8d88ca,403eb779e74e8348837e8d031fbf34ef9ef535377afd4f2eec8e6ebe473b7f7f,revised
city/medium/M04.png,133395,115613,559e57736edced8a06b0a8982a9f57fb46bdeec2d0dd349c46d1d43e99ecd15f,33a9bd95f555be93101dcb5335701779c35304da787e38e1f47b7fee4f895adc,revised
city/medium/M05.png,115379,113605,be1bc70a0a14110033e6eeffcead010210dfa9beb13e952a3a9daee501813c92,adb35b10fa5b59d6784dd94b08e180bc5a5c05c52c18071f781100e4e45af66a,revised
city/medium/M06.png,129709,127117,53c71df0d5561534eaffcf33a2239983c5db9fd468336931d6f07cfe782558d3,71e0d04fa323d861a4d64d88957a7040e9397d3392dda62c09522c93ff731972,revised
city/major/L01.png,217465,159900,d380816f98bc4795e56def8a83bbe716c1dc0c6484ee48e5386e0bc539c3c7af,d76a6f89879243ea6e3612773f606ca723326c5d49f9b4d4a2285eb679104005,revised
city/major/L02.png,199454,152185,a1dc1e403d142b7e2cee569c35c6c8d1d1acbfd18ffaa1586fdfe473b32b9add,ccff81441600169439300c1ec24ffc94cca904a2238d1e42c14287f54abbd304,revised
city/major/L03.png,197735,149944,6bb5a80c45d97205826e7fe34c5bf00182466234bc29a53ef45d6a23b2aab292,8b1b1da813f222ebce7d70a0cbff6047aa211a0bf9164c0e0a87380f862a2557,revised
city/major/L04.png,199481,131228,e1132635b8ae9018374fd7f0948f79d0a626e55f2d6e25747c2cb99e7decf78b,a446b666edfe691ec527f7a3a7b4fcfc564aa411f48715c789225a138a311507,revised
city/components/BC01.png,28387,8526,69ddb8ab5dd92ac7b4abc5e2aa2bb715518906f374976a4442e6cd0260c024aa,5978502f013489c0fc841f67d0362628fddaec250769cf7af2d0e2a103718af1,revised
city/components/BC02.png,25279,8223,02c6d8afbde3a6ce86e918d499862a37f973cbca70840876280d5d7f2728c875,dea330ea1623801e81ed9084ef067d3fd5b0b7f3b485bf23ae69c7fcafd750e6,revised
city/components/BC03.png,28210,9047,958dce78fe7981a09241e4ecefeb45145f51c153a2026a4ac66b8925c5e42b58,44879fca51cf73c8c57b6123e6273000314aa6f86b94bb160a3f45b65d37193e,revised
city/components/BC04.png,29037,11075,c06a0de9b15f7b18e98c863763025e80480da5e1b3ff175af7c731934186f499,17b360e04d3880c724ec6cc34edca372156f7bb5c239ad68bfea6c408598c604,revised
city/components/BC05.png,22693,7210,ca908e974c615278448b2f788de96b89f895962383d66d1bccc8bacdce9ce5ee,e544a97bbad20ddc652a1faf5574ac2d830d1a63e855a880f1f0baf329c641a7,revised
city/components/BC06.png,34331,12577,4d5cbb68e92d93cbe633d177fdb1818902609e15154de5698ff0fa9afbc23e28,4a722f1477986b24cd37343fbe8019b5fdd937fa843b3f6f2f8a86bbb1ed0f51,revised
city/components/BC07.png,31132,10815,2a443a67656ed4cc1b9f257ff162fbf8fc7c88629ad280533a587205e58a17df,1b1c461a5255992794f97d92d58c9552a122c50ece4b66561e0d2694d6816888,revised
city/components/BC08.png,26939,10322,dd34b281c8f6e7b3e168c8fa07ad4dc9b59748f3b6bbcccbcd4d273ee738683a,25eba898527adc81175b16974e5575a81bbf64b9108d69df09d7512e3d3f4812,revised
river/water_01.webp,4706,4706,a02cdc8b68088c0e7ac3aff37ed9a50acdde991ec8fe2e2947b41396cd14592b,a02cdc8b68088c0e7ac3aff37ed9a50acdde991ec8fe2e2947b41396cd14592b,frozen
river/bank_01.png,20117,20117,1757bb655a5c12533d7990602560c09ac71cc1e7c78191be269b6d5e72520aff,1757bb655a5c12533d7990602560c09ac71cc1e7c78191be269b6d5e72520aff,frozen
river/bank_shadow_profile.png,404,404,3a013371c51efc417210c812bbf0f68f7bfcd2a89ab44a7931e6c9070464ba9c,3a013371c51efc417210c812bbf0f68f7bfcd2a89ab44a7931e6c9070464ba9c,frozen
river/inner_highlight_01.png,1370,1370,1746291ad65a98c5646ec7f72e0315b969846583295fafa2fda3262527d46cbe,1746291ad65a98c5646ec7f72e0315b969846583295fafa2fda3262527d46cbe,frozen
river/edge_vegetation_01.png,2282,2282,1a49834fedbb5a0cc83f725265ca97eb83a67439241f8bfc4037268708d7ffb1,1a49834fedbb5a0cc83f725265ca97eb83a67439241f8bfc4037268708d7ffb1,frozen
road/ROAD_01.png,21927,21927,3ed5cb550d307459f7145a51232212de605b70591054bf768748679a07912f1b,3ed5cb550d307459f7145a51232212de605b70591054bf768748679a07912f1b,frozen
road/ROAD_02.png,21513,21513,e4f5e382c3eec0619cdc584343829d155eb1bfb7eb8f37e0ac9c8eb1c22a2bc7,e4f5e382c3eec0619cdc584343829d155eb1bfb7eb8f37e0ac9c8eb1c22a2bc7,frozen
road/ROAD_03.png,20974,20974,7b680bee7044ff4462d5177193467d48fe8895c37c2eb800114d9e59ea618765,7b680bee7044ff4462d5177193467d48fe8895c37c2eb800114d9e59ea618765,frozen
road/ROAD_04.png,20782,20782,74a2512346d7f129fe0c767831805042116132f88822731cd31ab60d26bb87f7,74a2512346d7f129fe0c767831805042116132f88822731cd31ab60d26bb87f7,frozen
railway/BALLAST_01.png,22104,22104,7032bbe81dfe7cc3785e0b70e450b54520e8f49bc4e5bbbddc9f8f2ab0805802,7032bbe81dfe7cc3785e0b70e450b54520e8f49bc4e5bbbddc9f8f2ab0805802,frozen
railway/BALLAST_02.png,22882,22882,7854b3b69a415842bb49262c70a3577ae790f92ec35c97ba3e86773b0c88060b,7854b3b69a415842bb49262c70a3577ae790f92ec35c97ba3e86773b0c88060b,frozen
railway/BALLAST_03.png,23255,23255,5ce35e38f9f8f6bcbcc0a86b5594f43860ec9db79f9a38064b726eb680a24824,5ce35e38f9f8f6bcbcc0a86b5594f43860ec9db79f9a38064b726eb680a24824,frozen
railway/BALLAST_04.png,23636,23636,b8efe4b5a697b7aa63dd35774bd07f491a88b5f7c085803db496243ecd8af3f1,b8efe4b5a697b7aa63dd35774bd07f491a88b5f7c085803db496243ecd8af3f1,frozen
railway/sleeper_motif.png,402,402,fdc363e93f6e0f4326148991351279782e7a33171cdff4bddb3838d3f86eefc5,fdc363e93f6e0f4326148991351279782e7a33171cdff4bddb3838d3f86eefc5,frozen
railway/rail_pair.png,273,273,7997e86f8f47d394ae87ef3bb0590ec82a4c6142569e080ac0e753456a9acb1e,7997e86f8f47d394ae87ef3bb0590ec82a4c6142569e080ac0e753456a9acb1e,frozen
railway/contact_shadow.png,233,233,f261f8ab5c386313043652c645d7791f9d21a41c6887d82ab4b6fac632986db8,f261f8ab5c386313043652c645d7791f9d21a41c6887d82ab4b6fac632986db8,frozen
bridge/road/BR01.png,3633,3633,13af36e59c20149e283da1e6c6d1ee0699eb513b07a34653dde206bd8ab30e6e,13af36e59c20149e283da1e6c6d1ee0699eb513b07a34653dde206bd8ab30e6e,frozen
bridge/road/BR02.png,3645,3645,d7b4caea01fb5b67017ad39acbd063a5eb5a24f11f333c285ac5150741181a2d,d7b4caea01fb5b67017ad39acbd063a5eb5a24f11f333c285ac5150741181a2d,frozen
bridge/road/BR03.png,3593,3593,ce6d4deff80aa1713e2a486f90d20350919eed76767fd1fac9c77e69892e8209,ce6d4deff80aa1713e2a486f90d20350919eed76767fd1fac9c77e69892e8209,frozen
bridge/rail/BT01.png,3484,3484,11d226761ed4d202716044244d0da15d624b077d2f34430d31b2882466894036,11d226761ed4d202716044244d0da15d624b077d2f34430d31b2882466894036,frozen
bridge/rail/BT02.png,3647,3647,ea189a7b6f6c5dfb7ae1c86888ca3cd646f05dfcd266a7fe56c5e27fa5f8091a,ea189a7b6f6c5dfb7ae1c86888ca3cd646f05dfcd266a7fe56c5e27fa5f8091a,frozen
bridge/rail/BT03.png,3693,3693,8ac4dd6fd979d0aaaab7b5c32591cac8c9bd7e45fdcac9f61c22cafb0f05d2cc,8ac4dd6fd979d0aaaab7b5c32591cac8c9bd7e45fdcac9f61c22cafb0f05d2cc,frozen
